{"id":1,"creator":"jmcooper","name":"Angular Code Camp","date":"03/15/2013","time":"9:00am - 5:00pm","location":{"address":"123 Wall St","city":"New York","province":"NY"},"imageUrl":"http://blog.laptopmag.com/wpress/wp-content/uploads/2012/08/Code-Camp_sf.jpg","sessions":[{"id":1,"upVoteCount":0,"creator":"jmcooper","name":"How To Program","track":"DevOps","duration":1,"abstract":"this session will teach you to program","creatorName":"Jim Cooper","level":"advanced"},{"id":2,"upVoteCount":0,"creator":"jmcooper","name":"How To Dance","track":"Web","duration":4,"abstract":"this session will teach you to dance","creatorName":"Jim Cooper","level":"introductory"},{"id":3,"upVoteCount":0,"creator":"bob","name":"How To Sing","track":"DevOps","duration":1,"abstract":"this session will teach you to sing  Lorum Ipsum FooBarsum Lorum Ipsum FooBarsum Lorum Ipsum FooBarsum Lorum Ipsum FooBarsum Lorum Ipsum FooBarsum Lorum Ipsum FooBarsum Lorum Ipsum FooBarsum Lorum Ipsum FooBarsum Lorum Ipsum FooBarsum  Lorum Ipsum FooBarsum Lorum Ipsum FooBarsum Lorum Ipsum FooBarsum Lorum Ipsum FooBarsum Lorum Ipsum FooBarsum Lorum Ipsum FooBarsum Lorum Ipsum FooBarsum Lorum Ipsum FooBarsum Lorum Ipsum FooBarsum  Lorum Ipsum FooBarsum Lorum Ipsum FooBarsum Lorum Ipsum FooBarsum Lorum Ipsum FooBarsum Lorum Ipsum FooBarsum Lorum Ipsum FooBarsum Lorum Ipsum FooBarsum Lorum Ipsum FooBarsum Lorum Ipsum FooBarsum ","level":"advanced","creatorName":"Bob"},{"duration":2,"name":"How To Be Awesome","abstract":"this course will make me rich","creator":"bob","creatorName":"Bob","id":4,"upVoteCount":0,"track":"Web","level":"introductory"},{"duration":2,"track":"Web","name":"How to build Angular Applications","abstract":"This session is all about angular applications","creator":"bob","creatorName":"Bob","upVoteCount":0,"id":5,"level":"intermediate"}]}