{"userName":"jmcooper","password":"qwer","name":"Jim Cooper","emailAddress":"jim@cooperplanet.com","bio":"I'm awesome asdfl kasdfasdf apsdfasdf jsdf oaisdfoasdifj osjfaosdfi aosdif jasdfkjoasifjsofijaosdfij aosdf o sidf oasdfj asodfj sdfaslfkafdj oasdfjosdjosjfaosdfi aosdif jasdfkjoasifjsofijaosdfij aosdf o sidf oasdfj asodfj sdfaslfkafdj oasdfjosdj osjfaosdfi aosdif jasdfkjoasifjsofijaosdfij aosdf o sidf oasdfj asodfj sdfaslfkafdj oasdfjosdj osjfaosdfi aosdif jasdfkjoasifjsofijaosdfij aosdf o sidf oasdfj asodfj sdfaslfkafdj oasdfjosdj"}